ID,Title,Authors,Year,Journal,Digital Object Identifier (DOI),School Name
0,test,test,2022,test,test,test
1,test,test,2022,test,test,test
2,test,test,2022,test,test,test
3,test,test,2022,test,test,test
4,test,test,2022,test,test,test
5,test,test,2022,test,test,test
6,test,test,2022,test,test,test
7,test,test,2022,test,test,test
8,test,test,2022,test,test,test
9,test,test,2022,test,test,test
10,test,test,2022,test,test,test
11,test,test,2022,test,test,test
12,test,test,2022,test,test,test
13,test,test,2022,test,test,test
14,test,test,2022,test,test,test
15,test,test,2022,test,test,test
16,test,test,2022,test,test,test
17,test,test,2022,test,test,test
18,test,test,2022,test,test,test
19,test,test,2022,test,test,test
20,test,test,2022,test,test,test
21,test,test,2022,test,test,test
22,test,test,2022,test,test,test
23,test,test,2022,test,test,test
24,test,test,2022,test,test,test
25,test,test,2022,test,test,test
26,test,test,2022,test,test,test
27,test,test,2022,test,test,test
28,test,test,2022,test,test,test
29,test,test,2022,test,test,test
30,test,test,2022,test,test,test
31,test,test,2022,test,test,test
32,test,test,2022,test,test,test
33,test,test,2022,test,test,test
34,test,test,2022,test,test,test
35,test,test,2022,test,test,test
36,test,test,2022,test,test,test
37,test,test,2022,test,test,test
38,test,test,2022,test,test,test
39,test,test,2022,test,test,test
40,test,test,2022,test,test,test
41,test,test,2022,test,test,test
42,test,test,2022,test,test,test
43,test,test,2022,test,test,test
44,test,test,2022,test,test,test
45,test,test,2022,test,test,test
46,test,test,2022,test,test,test
47,test,test,2022,test,test,test
48,test,test,2022,test,test,test
49,test,test,2022,test,test,test
50,test,test,2022,test,test,test
51,test,test,2022,test,test,test
52,test,test,2022,test,test,test
53,test,test,2022,test,test,test
54,test,test,2022,test,test,test
55,test,test,2022,test,test,test
56,test,test,2022,test,test,test
57,test,test,2022,test,test,test
58,test,test,2022,test,test,test
59,test,test,2022,test,test,test
60,test,test,2022,test,test,test
61,test,test,2022,test,test,test
62,test,test,2022,test,test,test
63,test,test,2022,test,test,test
64,test,test,2022,test,test,test
65,test,test,2022,test,test,test
66,test,test,2022,test,test,test
67,test,test,2022,test,test,test
68,test,test,2022,test,test,test
69,test,test,2022,test,test,test
70,test,test,2022,test,test,test
71,test,test,2022,test,test,test
72,test,test,2022,test,test,test
73,test,test,2022,test,test,test
74,test,test,2022,test,test,test
75,test,test,2022,test,test,test
76,test,test,2022,test,test,test
77,test,test,2022,test,test,test
78,hi,me,2022,hivu,hfsjioger,keele
79,hi,me,2022,hivu,hfsjioger,keele
80,hi,me,2022,hivu,hfsjioger,keele
81,hi,me,2022,hivu,hfsjioger,keele
82,hi,me,2022,hivu,hfsjioger,keele
